[
  {
    "id": 1,
    "name": "Elie",
    "hp": 350,
    "mp": 100,
    "str": 15,
    "int": 13,
    "def": 10,
    "res": 9,
    "spd": 5,
    "luck": 0,
    "race": 12,
    "class": 8,
    "rarity": 1
  },
  {
    "id": 2,
    "name": "Florence",
    "hp": 350,
    "mp": 100,
    "str": 20,
    "int": 17,
    "def": 7,
    "res": 9,
    "spd": 6,
    "luck": 0,
    "race": 12,
    "class": 2,
    "rarity": 3
  },
  {
    "id": 3,
    "name": "Hubert",
    "hp": 420,
    "mp": 100,
    "str": 14,
    "int": 15,
    "def": 10,
    "res": 6,
    "spd": 8,
    "luck": 0,
    "race": 12,
    "class": 2,
    "rarity": 4
  },
  {
    "id": 4,
    "name": "Anthony",
    "hp": 500,
    "mp": 120,
    "str": 16,
    "int": 20,
    "def": 9,
    "res": 9,
    "spd": 6,
    "luck": 0,
    "race": 12,
    "class": 8,
    "rarity": 5
  },
  {
    "id": 5,
    "name": "Daniel",
    "hp": 420,
    "mp": 100,
    "str": 13,
    "int": 13,
    "def": 9,
    "res": 6,
    "spd": 5,
    "luck": 0,
    "race": 14,
    "class": 2,
    "rarity": 3
  },
  {
    "id": 6,
    "name": "Vincent",
    "hp": 350,
    "mp": 100,
    "str": 18,
    "int": 18,
    "def": 6,
    "res": 6,
    "spd": 4,
    "luck": 0,
    "race": 15,
    "class": 2,
    "rarity": 4
  },
  {
    "id": 7,
    "name": "Louis",
    "hp": 250,
    "mp": 50,
    "str": 15,
    "int": 19,
    "def": 10,
    "res": 7,
    "spd": 6,
    "luck": 0,
    "race": 16,
    "class": 5,
    "rarity": 2
  }
]