[
  {
    "id": 1,
    "name": "Dead Hand",
    "hp": 40,
    "mp": 20,
    "str": 5,
    "int": 3,
    "def": 2,
    "res": 2,
    "spd": 8,
    "luck": 5,
    "race": 15,
    "class": 5,
    "rarity": 3
  },
  {
    "id": 2,
    "name": "Lynel",
    "hp": 60,
    "mp": 20,
    "str": 8,
    "int": 5,
    "def": 1,
    "res": 3,
    "spd": 9,
    "luck": 5,
    "race": 12,
    "class": 2,
    "rarity": 5
  },
  {
    "id": 3,
    "name": "Stalfos",
    "hp": 60,
    "mp": 20,
    "str": 11,
    "int": 6,
    "def": 2,
    "res": 4,
    "spd": 9,
    "luck": 5,
    "race": 15,
    "class": 2,
    "rarity": 4
  },
  {
    "id": 4,
    "name": "Darknuts",
    "hp": 50,
    "mp": 20,
    "str": 5,
    "int": 5,
    "def": 2,
    "res": 4,
    "spd": 10,
    "luck": 5,
    "race": 15,
    "class": 8,
    "rarity": 4
  },
  {
    "id": 5,
    "name": "Guardian",
    "hp": 120,
    "mp": 20,
    "str": 3,
    "int": 3,
    "def": 3,
    "res": 1,
    "spd": 9,
    "luck": 5,
    "race": 17,
    "class": 3,
    "rarity": 5
  },
  {
    "id": 6,
    "name": "Lizalfos",
    "hp": 40,
    "mp": 20,
    "str": 10,
    "int": 5,
    "def": 2,
    "res": 1,
    "spd": 6,
    "luck": 5,
    "race": 12,
    "class": 5,
    "rarity": 2
  },
  {
    "id": 7,
    "name": "Skulltula",
    "hp": 20,
    "mp": 20,
    "str": 12,
    "int": 5,
    "def": 4,
    "res": 1,
    "spd": 6,
    "luck": 5,
    "race": 16,
    "class": 5,
    "rarity": 1
  },
  {
    "id": 8,
    "name": "Golden Skulltula",
    "hp": 30,
    "mp": 20,
    "str": 12,
    "int": 5,
    "def": 1,
    "res": 4,
    "spd": 8,
    "luck": 5,
    "race": 16,
    "class": 5,
    "rarity": 3
  },
  {
    "id": 9,
    "name": "Gibdo",
    "hp": 20,
    "mp": 20,
    "str": 10,
    "int": 5,
    "def": 2,
    "res": 4,
    "spd": 8,
    "luck": 5,
    "race": 15,
    "class": 5,
    "rarity": 2
  },
  {
    "id": 10,
    "name": "Octorock",
    "hp": 30,
    "mp": 20,
    "str": 6,
    "int": 5,
    "def": 4,
    "res": 3,
    "spd": 9,
    "luck": 5,
    "race": 12,
    "class": 3,
    "rarity": 1
  },
  {
    "id": 11,
    "name": "Deku Scrub",
    "hp": 20,
    "mp": 20,
    "str": 7,
    "int": 5,
    "def": 2,
    "res": 2,
    "spd": 10,
    "luck": 5,
    "race": 12,
    "class": 4,
    "rarity": 1
  },
  {
    "id": 12,
    "name": "Bokoblin",
    "hp": 25,
    "mp": 20,
    "str": 10,
    "int": 9,
    "def": 2,
    "res": 2,
    "spd": 7,
    "luck": 5,
    "race": 12,
    "class": 2,
    "rarity": 1
  }
]