[
    {
        "id": 1,
        "name": "Link",
        "hp": 60,
        "mp": 30,
        "str": 15,
        "int": 7,
        "def": 8,
        "res": 8,
        "spd": 11,
        "luck": 10,
        "race": 1,
        "class": 1,
        "rarity": 1
    },
    {
        "id": 2,
        "name": "Young Link",
        "hp": 40,
        "mp": 30,
        "str": 8,
        "int": 6,
        "def": 5,
        "res": 5,
        "spd": 12,
        "luck": 25,
        "race": 6,
        "class": 1,
        "rarity": 2
    },
    {
        "id": 3,
        "name": "Sheik",
        "hp": 50,
        "mp": 30,
        "str": 12,
        "int": 7,
        "def": 5,
        "res": 4,
        "spd": 12,
        "luck": 10,
        "race": 2,
        "class": 5,
        "rarity": 3
    },
    {
        "id": 4,
        "name": "Impa",
        "hp": 50,
        "mp": 60,
        "str": 5,
        "int": 10,
        "def": 4,
        "res": 5,
        "spd": 9,
        "luck": 10,
        "race": 2,
        "class": 6,
        "rarity": 4
    },
    {
        "id": 5,
        "name": "Hylia",
        "hp": 100,
        "mp": 300,
        "str": 10,
        "int": 18,
        "def": 1,
        "res": 1,
        "spd": 4,
        "luck": 10,
        "race": 14,
        "class": 3,
        "rarity": 5
    }
]